{
  "subjects": [
    "S1",
    "S10",
    "S11",
    "S12",
    "S13",
    "S14",
    "S15",
    "S16",
    "S17",
    "S18",
    "S2",
    "S3",
    "S4",
    "S5",
    "S6",
    "S7",
    "S8",
    "S9"
  ],
  "pairwise_r_mean": -0.012603220123396675,
  "pairwise_r_std": 0.24175574856949933,
  "roi_profiles": {
    "S1": {
      "Frontal": 0.0049736410231465316,
      "Fronto-Central": 0.00868462910875678,
      "Central": 0.0032851517656429983,
      "Temporal": 0.002170783781669646,
      "Parietal": 0.005511737337049756,
      "Occipital": 0.003574925726570655
    },
    "S10": {
      "Frontal": 0.003669319034088403,
      "Fronto-Central": 0.009801434450006733,
      "Central": 0.006731106378235078,
      "Temporal": 0.00500185092096217,
      "Parietal": 0.006891834718165531,
      "Occipital": 0.005469498646561988
    },
    "S11": {
      "Frontal": 0.004389478689214836,
      "Fronto-Central": 0.006379342972650193,
      "Central": 0.009710064599251686,
      "Temporal": 0.0029767255206631185,
      "Parietal": 0.005333431588951498,
      "Occipital": 0.004040479028481059
    },
    "S12": {
      "Frontal": 0.007413384281486894,
      "Fronto-Central": 0.014176572546906149,
      "Central": 0.004353794508915598,
      "Temporal": 0.002725661276296402,
      "Parietal": 0.004253203616826795,
      "Occipital": 0.003502908954396844
    },
    "S13": {
      "Frontal": 0.012761570576306744,
      "Fronto-Central": 0.014691546675749123,
      "Central": 0.0051593230095932086,
      "Temporal": 0.004117203744802585,
      "Parietal": 0.005149846794665791,
      "Occipital": 0.005547257052967325
    },
    "S14": {
      "Frontal": 0.005125844899642591,
      "Fronto-Central": 0.0054241368391861515,
      "Central": 0.00516839325428009,
      "Temporal": 0.0037650565330598815,
      "Parietal": 0.007189500975073315,
      "Occipital": 0.00296659175073728
    },
    "S15": {
      "Frontal": 0.0072863146585101886,
      "Fronto-Central": 0.008154455746989697,
      "Central": 0.004835702953035555,
      "Temporal": 0.005454790138173848,
      "Parietal": 0.006508913213716975,
      "Occipital": 0.003139492275658995
    },
    "S16": {
      "Frontal": 0.005301385564962402,
      "Fronto-Central": 0.005475363015041997,
      "Central": 0.002368752158266337,
      "Temporal": 0.0023696928983554244,
      "Parietal": 0.004064248974221603,
      "Occipital": 0.0025606656294257847
    },
    "S17": {
      "Frontal": 0.0034614617664677403,
      "Fronto-Central": 0.005200490355491638,
      "Central": 0.0023055304985367306,
      "Temporal": 0.003922612440267888,
      "Parietal": 0.008602905607403954,
      "Occipital": 0.003439159419212956
    },
    "S18": {
      "Frontal": 0.0024002889961896776,
      "Fronto-Central": 0.001953845266446782,
      "Central": 0.00249742172744997,
      "Temporal": 0.003879494994180277,
      "Parietal": 0.00736467039193182,
      "Occipital": 0.002288179361494258
    },
    "S2": {
      "Frontal": 0.0037444338280086717,
      "Fronto-Central": 0.006847582175396383,
      "Central": 0.002779154990700287,
      "Temporal": 0.003169833158608526,
      "Parietal": 0.0053986465209163725,
      "Occipital": 0.0031046790172695182
    },
    "S3": {
      "Frontal": 0.004781448311405256,
      "Fronto-Central": 0.013241579756140709,
      "Central": 0.002587954183885207,
      "Temporal": 0.004256196841500544,
      "Parietal": 0.005191531755068961,
      "Occipital": 0.006066075634589651
    },
    "S4": {
      "Frontal": 0.004572229601762956,
      "Fronto-Central": 0.005527228116989136,
      "Central": 0.0025515367475842745,
      "Temporal": 0.0031332820847940943,
      "Parietal": 0.006114628927510542,
      "Occipital": 0.002649121296417434
    },
    "S5": {
      "Frontal": 0.004062815979220129,
      "Fronto-Central": 0.004317486340975544,
      "Central": 0.007274626075134923,
      "Temporal": 0.002973003148326825,
      "Parietal": 0.0039984991344681475,
      "Occipital": 0.0020154124184045942
    },
    "S6": {
      "Frontal": 0.004651388100076777,
      "Fronto-Central": 0.007553061743844107,
      "Central": 0.005416975899909933,
      "Temporal": 0.0030737191937078023,
      "Parietal": 0.0052667775489680935,
      "Occipital": 0.005692265706602484
    },
    "S7": {
      "Frontal": 0.0033008222720430544,
      "Fronto-Central": 0.005968712794128805,
      "Central": 0.003454687686219889,
      "Temporal": 0.002697385354016054,
      "Parietal": 0.0065944374752386166,
      "Occipital": 0.0019393915019463748
    },
    "S8": {
      "Frontal": 0.0030491699726553634,
      "Fronto-Central": 0.004891268365706007,
      "Central": 0.003708845433266106,
      "Temporal": 0.0017545263265977458,
      "Parietal": 0.006988506536193502,
      "Occipital": 0.003299642776255496
    },
    "S9": {
      "Frontal": 0.00489355426786157,
      "Fronto-Central": 0.01161276875063777,
      "Central": 0.005702669392727937,
      "Temporal": 0.00523208125863069,
      "Parietal": 0.007893300508537019,
      "Occipital": 0.005224109860137105
    }
  }
}