{
  "subjects": [
    "S1",
    "S10",
    "S11",
    "S12",
    "S13",
    "S14",
    "S15",
    "S16",
    "S17",
    "S18",
    "S2",
    "S3",
    "S4",
    "S5",
    "S6",
    "S7",
    "S8",
    "S9"
  ],
  "pairwise_r_mean": 0.09749016917932374,
  "pairwise_r_std": 0.3889841427188076,
  "roi_profiles": {
    "S1": {
      "Frontal": 0.006936633714455335,
      "Fronto-Central": 0.0014797022072722636,
      "Central": 0.00487807651127999,
      "Temporal": 0.0021930731115086624,
      "Parietal": 0.002241089991609139,
      "Occipital": 0.002110755123430863
    },
    "S10": {
      "Frontal": 0.01116984584950842,
      "Fronto-Central": 0.005133052880410105,
      "Central": 0.008510215227336934,
      "Temporal": 0.004977542577156176,
      "Parietal": 0.007930087029914526,
      "Occipital": 0.007131069037131965
    },
    "S11": {
      "Frontal": 0.00028460418464722653,
      "Fronto-Central": 0.00039757549529895186,
      "Central": 0.00035634199844025716,
      "Temporal": 0.00018750603339867666,
      "Parietal": 0.0003318244697159874,
      "Occipital": 0.00037075590516906233
    },
    "S12": {
      "Frontal": 0.005151421882336156,
      "Fronto-Central": 0.0027154731627282067,
      "Central": 0.003000469035517502,
      "Temporal": 0.0019243877674549974,
      "Parietal": 0.0028207269315316807,
      "Occipital": 0.0021376212782342916
    },
    "S13": {
      "Frontal": 0.006320593611841711,
      "Fronto-Central": 0.00195478728467909,
      "Central": 0.004912035724070544,
      "Temporal": 0.0027011586213726937,
      "Parietal": 0.0033551159188694633,
      "Occipital": 0.0025531050225254147
    },
    "S14": {
      "Frontal": 0.00199948053098827,
      "Fronto-Central": 0.0016947043186519295,
      "Central": 0.00190773542271927,
      "Temporal": 0.0010259326112039464,
      "Parietal": 0.0016973323702889804,
      "Occipital": 0.001261072402121499
    },
    "S15": {
      "Frontal": 0.006867377456122388,
      "Fronto-Central": 0.001639385807114498,
      "Central": 0.004103180296321322,
      "Temporal": 0.004144063888816163,
      "Parietal": 0.0027548044787787753,
      "Occipital": 0.0036275290069170294
    },
    "S16": {
      "Frontal": 0.002967522230998535,
      "Fronto-Central": 0.0009767503603749599,
      "Central": 0.0029219805898416475,
      "Temporal": 0.0021218960731251477,
      "Parietal": 0.0038732416954492996,
      "Occipital": 0.004287767311325297
    },
    "S17": {
      "Frontal": 0.005925094502648183,
      "Fronto-Central": 0.0017302879568887874,
      "Central": 0.0022619907200957337,
      "Temporal": 0.004175303499020326,
      "Parietal": 0.004259131591728267,
      "Occipital": 0.002327780835912563
    },
    "S18": {
      "Frontal": 0.0036663258409438035,
      "Fronto-Central": 0.002281049918868424,
      "Central": 0.001968598096614945,
      "Temporal": 0.0026542801642790437,
      "Parietal": 0.002999669697601348,
      "Occipital": 0.0021825679868925363
    },
    "S2": {
      "Frontal": 0.003666766430493832,
      "Fronto-Central": 0.0012482035187228273,
      "Central": 0.0022422156715341166,
      "Temporal": 0.0012972908625670243,
      "Parietal": 0.0007247628330636265,
      "Occipital": 0.0011546483074198477
    },
    "S3": {
      "Frontal": 0.00270866201511429,
      "Fronto-Central": 0.0021367173127752417,
      "Central": 0.002029637917682218,
      "Temporal": 0.0017993796391237993,
      "Parietal": 0.0031828570610059614,
      "Occipital": 0.0014287310268628062
    },
    "S4": {
      "Frontal": 0.0040491204320763545,
      "Fronto-Central": 0.002206689562929872,
      "Central": 0.003740714946616208,
      "Temporal": 0.003966226458336071,
      "Parietal": 0.004570834697612251,
      "Occipital": 0.003627170657273382
    },
    "S5": {
      "Frontal": 0.004643822392760437,
      "Fronto-Central": 0.0018258646014146507,
      "Central": 0.0019412866458878852,
      "Temporal": 0.0017954401725243467,
      "Parietal": 0.004122901581771051,
      "Occipital": 0.001122630570898764
    },
    "S6": {
      "Frontal": 0.008072780076569567,
      "Fronto-Central": 0.0018731540282412122,
      "Central": 0.002374336802555869,
      "Temporal": 0.0023326139392641685,
      "Parietal": 0.00304703231571087,
      "Occipital": 0.0015310770279029385
    },
    "S7": {
      "Frontal": 0.007039049451122992,
      "Fronto-Central": 0.0032417008575672903,
      "Central": 0.0030269653022211664,
      "Temporal": 0.002924459173603585,
      "Parietal": 0.00476532618085912,
      "Occipital": 0.002607383456779644
    },
    "S8": {
      "Frontal": 0.006372114843543386,
      "Fronto-Central": 0.0017086338169368294,
      "Central": 0.0014057292998283326,
      "Temporal": 0.0036748990532942116,
      "Parietal": 0.0030484744180133325,
      "Occipital": 0.0028072804561816156
    },
    "S9": {
      "Frontal": 0.002733051107497886,
      "Fronto-Central": 0.001761640121306603,
      "Central": 0.00261321204501049,
      "Temporal": 0.0018740285401387762,
      "Parietal": 0.002395284491891895,
      "Occipital": 0.0022686469135805966
    }
  }
}