subject_id,trial_id,n_windows,y_true,y_pred,ref_outcome,pred_outcome,mean_p_class1
S10,S10_T004,93,0,0,A,A,0.3333333333333333
S10,S10_T011,27,1,1,B,B,0.8518518518518519
S10,S10_T016,27,0,0,A,A,0.3333333333333333
S10,S10_T019,27,1,0,B,A,0.4074074074074074
