subject_id,trial_id,n_windows,y_true,y_pred,ref_outcome,pred_outcome,mean_p_class1
S10,S10_T002,93,0,0,A,A,0.3010752688172043
S10,S10_T005,93,1,1,B,B,0.6344086021505376
S10,S10_T006,93,0,0,A,A,0.3010752688172043
S10,S10_T007,95,1,1,B,B,0.7157894736842105
