subject_id,trial_id,n_windows,y_true,y_pred,ref_outcome,pred_outcome,mean_p_class1
S11,S11_T000,93,1,0,B,A,0.4731182795698925
S11,S11_T006,93,1,1,B,B,0.7096774193548387
S11,S11_T007,95,0,0,A,A,0.30526315789473685
S11,S11_T019,27,0,0,A,A,0.2222222222222222
