subject_id,trial_id,n_windows,y_true,y_pred,ref_outcome,pred_outcome,mean_p_class1
S11,S11_T003,95,0,0,A,A,0.4631578947368421
S11,S11_T008,27,1,0,B,A,0.4444444444444444
S11,S11_T011,27,0,0,A,A,0.3333333333333333
S11,S11_T018,27,1,1,B,B,0.5185185185185185
