subject_id,trial_id,n_windows,y_true,y_pred,ref_outcome,pred_outcome,mean_p_class1
S12,S12_T000,93,0,0,A,A,0.4946236559139785
S12,S12_T005,93,1,1,B,B,0.7311827956989247
S12,S12_T016,27,0,0,A,A,0.25925925925925924
S12,S12_T019,27,1,1,B,B,0.5925925925925926
