subject_id,trial_id,n_windows,y_true,y_pred,ref_outcome,pred_outcome,mean_p_class1
S12,S12_T001,93,1,0,B,A,0.45161290322580644
S12,S12_T002,93,0,0,A,A,0.45161290322580644
S12,S12_T009,27,1,1,B,B,0.5925925925925926
S12,S12_T010,27,0,0,A,A,0.4074074074074074
