subject_id,trial_id,n_windows,y_true,y_pred,ref_outcome,pred_outcome,mean_p_class1
S12,S12_T004,93,0,1,A,B,0.5268817204301075
S12,S12_T008,27,0,0,A,A,0.48148148148148145
S12,S12_T011,27,1,1,B,B,0.7037037037037037
S12,S12_T017,27,1,0,B,A,0.4444444444444444
