subject_id,trial_id,n_windows,y_true,y_pred,ref_outcome,pred_outcome,mean_p_class1
S12,S12_T003,95,1,1,B,B,0.7578947368421053
S12,S12_T006,93,0,1,A,B,0.6989247311827957
S12,S12_T015,27,1,1,B,B,0.5925925925925926
S12,S12_T018,27,0,0,A,A,0.25925925925925924
