subject_id,trial_id,n_windows,y_true,y_pred,ref_outcome,pred_outcome,mean_p_class1
S13,S13_T002,93,1,1,B,B,0.7311827956989247
S13,S13_T003,95,0,0,A,A,0.47368421052631576
S13,S13_T011,27,0,0,A,A,0.4074074074074074
S13,S13_T018,27,1,1,B,B,0.5925925925925926
