subject_id,trial_id,n_windows,y_true,y_pred,ref_outcome,pred_outcome,mean_p_class1
S13,S13_T000,93,1,1,B,B,0.6989247311827957
S13,S13_T012,27,1,1,B,B,0.7407407407407407
S13,S13_T017,27,0,0,A,A,0.4074074074074074
S13,S13_T019,27,0,0,A,A,0.48148148148148145
