subject_id,trial_id,n_windows,y_true,y_pred,ref_outcome,pred_outcome,mean_p_class1
S14,S14_T001,93,1,1,B,B,0.7526881720430108
S14,S14_T005,93,1,1,B,B,0.9139784946236559
S14,S14_T012,27,0,0,A,A,0.07407407407407407
S14,S14_T014,27,0,0,A,A,0.14814814814814814
