subject_id,trial_id,n_windows,y_true,y_pred,ref_outcome,pred_outcome,mean_p_class1
S14,S14_T002,93,0,0,A,A,0.11827956989247312
S14,S14_T006,93,0,0,A,A,0.23655913978494625
S14,S14_T009,27,1,1,B,B,0.9259259259259259
S14,S14_T013,27,1,1,B,B,0.9259259259259259
