subject_id,trial_id,n_windows,y_true,y_pred,ref_outcome,pred_outcome,mean_p_class1
S1,S1_T005,93,0,0,A,A,0.4946236559139785
S1,S1_T008,27,1,0,B,A,0.48148148148148145
S1,S1_T011,27,0,0,A,A,0.14814814814814814
S1,S1_T018,27,1,1,B,B,0.7407407407407407
