subject_id,trial_id,n_windows,y_true,y_pred,ref_outcome,pred_outcome,mean_p_class1
S2,S2_T000,93,0,0,A,A,0.3870967741935484
S2,S2_T011,27,1,1,B,B,0.9259259259259259
S2,S2_T016,27,0,0,A,A,0.4074074074074074
S2,S2_T019,27,1,1,B,B,0.5185185185185185
