subject_id,trial_id,n_windows,y_true,y_pred,ref_outcome,pred_outcome,mean_p_class1
S2,S2_T001,93,1,1,B,B,0.7634408602150538
S2,S2_T006,93,0,0,A,A,0.22580645161290322
S2,S2_T015,27,1,1,B,B,0.5925925925925926
S2,S2_T018,27,0,0,A,A,0.4444444444444444
