subject_id,trial_id,n_windows,y_true,y_pred,ref_outcome,pred_outcome,mean_p_class1
S2,S2_T002,93,0,0,A,A,0.43010752688172044
S2,S2_T010,27,0,0,A,A,0.25925925925925924
S2,S2_T013,27,1,1,B,B,0.6296296296296297
S2,S2_T017,27,1,1,B,B,0.7407407407407407
