subject_id,trial_id,n_windows,y_true,y_pred,ref_outcome,pred_outcome,mean_p_class1
S3,S3_T003,95,0,0,A,A,0.28421052631578947
S3,S3_T006,93,1,1,B,B,0.8924731182795699
S3,S3_T009,27,0,0,A,A,0.2962962962962963
S3,S3_T012,27,1,1,B,B,0.8888888888888888
