subject_id,trial_id,n_windows,y_true,y_pred,ref_outcome,pred_outcome,mean_p_class1
S3,S3_T004,93,1,1,B,B,0.7634408602150538
S3,S3_T005,93,0,0,A,A,0.3548387096774194
S3,S3_T008,27,1,1,B,B,0.9259259259259259
S3,S3_T015,27,0,0,A,A,0.4074074074074074
