subject_id,trial_id,n_windows,y_true,y_pred,ref_outcome,pred_outcome,mean_p_class1
S3,S3_T011,27,0,0,A,A,0.3333333333333333
S3,S3_T013,27,0,0,A,A,0.4444444444444444
S3,S3_T014,27,1,0,B,A,0.4074074074074074
S3,S3_T018,27,1,0,B,A,0.48148148148148145
