subject_id,trial_id,n_windows,y_true,y_pred,ref_outcome,pred_outcome,mean_p_class1
S3,S3_T001,93,0,0,A,A,0.34408602150537637
S3,S3_T010,27,1,0,B,A,0.18518518518518517
S3,S3_T016,27,1,1,B,B,0.7037037037037037
S3,S3_T017,27,0,0,A,A,0.4444444444444444
