subject_id,trial_id,n_windows,y_true,y_pred,ref_outcome,pred_outcome,mean_p_class1
S4,S4_T005,93,1,1,B,B,0.5483870967741935
S4,S4_T008,27,0,0,A,A,0.2962962962962963
S4,S4_T012,27,0,0,A,A,0.14814814814814814
S4,S4_T019,27,1,1,B,B,0.5185185185185185
