subject_id,trial_id,n_windows,y_true,y_pred,ref_outcome,pred_outcome,mean_p_class1
S4,S4_T000,93,0,0,A,A,0.20430107526881722
S4,S4_T001,93,1,1,B,B,0.5698924731182796
S4,S4_T013,27,1,1,B,B,0.5925925925925926
S4,S4_T016,27,0,0,A,A,0.3333333333333333
