subject_id,trial_id,n_windows,y_true,y_pred,ref_outcome,pred_outcome,mean_p_class1
S5,S5_T006,93,1,1,B,B,0.7956989247311828
S5,S5_T009,27,0,1,A,B,0.5555555555555556
S5,S5_T014,27,1,1,B,B,0.8518518518518519
S5,S5_T017,27,0,0,A,A,0.48148148148148145
