subject_id,trial_id,n_windows,y_true,y_pred,ref_outcome,pred_outcome,mean_p_class1
S5,S5_T002,93,1,1,B,B,0.6881720430107527
S5,S5_T003,95,0,0,A,A,0.22105263157894736
S5,S5_T004,93,1,1,B,B,0.7849462365591398
S5,S5_T007,95,0,0,A,A,0.3263157894736842
