subject_id,trial_id,n_windows,y_true,y_pred,ref_outcome,pred_outcome,mean_p_class1
S5,S5_T000,93,1,1,B,B,0.8924731182795699
S5,S5_T001,93,0,0,A,A,0.3010752688172043
S5,S5_T010,27,1,1,B,B,0.8148148148148148
S5,S5_T019,27,0,0,A,A,0.4444444444444444
