subject_id,trial_id,n_windows,y_true,y_pred,ref_outcome,pred_outcome,mean_p_class1
S6,S6_T002,93,0,0,A,A,0.34408602150537637
S6,S6_T004,93,0,0,A,A,0.3655913978494624
S6,S6_T007,95,1,1,B,B,0.5157894736842106
S6,S6_T011,27,1,1,B,B,0.6296296296296297
