subject_id,trial_id,n_windows,y_true,y_pred,ref_outcome,pred_outcome,mean_p_class1
S6,S6_T003,95,1,1,B,B,0.6526315789473685
S6,S6_T008,27,0,0,A,A,0.037037037037037035
S6,S6_T009,27,1,0,B,A,0.2222222222222222
S6,S6_T012,27,0,0,A,A,0.25925925925925924
