subject_id,trial_id,n_windows,y_true,y_pred,ref_outcome,pred_outcome,mean_p_class1
S7,S7_T003,95,0,0,A,A,0.3894736842105263
S7,S7_T008,27,1,1,B,B,0.5925925925925926
S7,S7_T015,27,0,0,A,A,0.37037037037037035
S7,S7_T018,27,1,0,B,A,0.37037037037037035
