subject_id,trial_id,n_windows,y_true,y_pred,ref_outcome,pred_outcome,mean_p_class1
S7,S7_T004,93,1,1,B,B,0.6236559139784946
S7,S7_T007,95,0,0,A,A,0.11578947368421053
S7,S7_T010,27,1,1,B,B,0.5185185185185185
S7,S7_T011,27,0,0,A,A,0.037037037037037035
