subject_id,trial_id,n_windows,y_true,y_pred,ref_outcome,pred_outcome,mean_p_class1
S8,S8_T000,93,0,1,A,B,0.5053763440860215
S8,S8_T001,93,1,1,B,B,0.6021505376344086
S8,S8_T006,93,0,0,A,A,0.4731182795698925
S8,S8_T013,27,1,0,B,A,0.4444444444444444
