subject_id,trial_id,n_windows,y_true,y_pred,ref_outcome,pred_outcome,mean_p_class1
S8,S8_T008,27,0,1,A,B,0.6296296296296297
S8,S8_T009,27,1,1,B,B,0.7777777777777778
S8,S8_T015,27,1,1,B,B,0.5925925925925926
S8,S8_T016,27,0,0,A,A,0.14814814814814814
