subject_id,trial_id,n_windows,y_true,y_pred,ref_outcome,pred_outcome,mean_p_class1
S9,S9_T011,27,0,0,A,A,0.18518518518518517
S9,S9_T012,27,1,0,B,A,0.48148148148148145
S9,S9_T015,27,0,1,A,B,0.5925925925925926
S9,S9_T018,27,1,1,B,B,0.7407407407407407
