subject_id,trial_id,n_windows,y_true,y_pred,ref_outcome,pred_outcome,mean_p_class1
S9,S9_T008,27,1,1,B,B,0.5185185185185185
S9,S9_T016,27,1,1,B,B,0.6296296296296297
S9,S9_T017,27,0,0,A,A,0.37037037037037035
S9,S9_T019,27,0,1,A,B,0.5925925925925926
