subject_id,trial_id,n_windows,y_true,y_pred,ref_outcome,pred_outcome,mean_p_class1
S10,S10_T000,28,0,0,A,A,0.14285714285714285
S10,S10_T012,6,0,0,A,A,0.3333333333333333
S10,S10_T013,6,1,1,B,B,1.0
S10,S10_T017,6,1,1,B,B,0.8333333333333334
