subject_id,trial_id,n_windows,y_true,y_pred,ref_outcome,pred_outcome,mean_p_class1
S10,S10_T003,29,1,1,B,B,0.7931034482758621
S10,S10_T009,6,1,1,B,B,0.8333333333333334
S10,S10_T010,6,0,1,A,B,0.6666666666666666
S10,S10_T014,6,0,1,A,B,0.5
