subject_id,trial_id,n_windows,y_true,y_pred,ref_outcome,pred_outcome,mean_p_class1
S11,S11_T003,29,0,1,A,B,0.6206896551724138
S11,S11_T008,6,1,1,B,B,0.5
S11,S11_T011,6,0,1,A,B,0.8333333333333334
S11,S11_T018,6,1,1,B,B,0.6666666666666666
