subject_id,trial_id,n_windows,y_true,y_pred,ref_outcome,pred_outcome,mean_p_class1
S12,S12_T001,28,1,0,B,A,0.4642857142857143
S12,S12_T002,28,0,0,A,A,0.39285714285714285
S12,S12_T009,6,1,0,B,A,0.0
S12,S12_T010,6,0,0,A,A,0.16666666666666666
