subject_id,trial_id,n_windows,y_true,y_pred,ref_outcome,pred_outcome,mean_p_class1
S13,S13_T001,28,0,0,A,A,0.21428571428571427
S13,S13_T008,6,1,1,B,B,0.6666666666666666
S13,S13_T015,6,0,1,A,B,1.0
S13,S13_T016,6,1,1,B,B,0.8333333333333334
