subject_id,trial_id,n_windows,y_true,y_pred,ref_outcome,pred_outcome,mean_p_class1
S13,S13_T002,28,1,1,B,B,0.8571428571428571
S13,S13_T003,29,0,0,A,A,0.41379310344827586
S13,S13_T011,6,0,1,A,B,0.5
S13,S13_T018,6,1,0,B,A,0.3333333333333333
