subject_id,trial_id,n_windows,y_true,y_pred,ref_outcome,pred_outcome,mean_p_class1
S14,S14_T003,29,1,1,B,B,0.6551724137931034
S14,S14_T004,28,0,0,A,A,0.2857142857142857
S14,S14_T010,6,0,1,A,B,0.8333333333333334
S14,S14_T017,6,1,0,B,A,0.3333333333333333
