subject_id,trial_id,n_windows,y_true,y_pred,ref_outcome,pred_outcome,mean_p_class1
S15,S15_T000,28,1,1,B,B,0.6785714285714286
S15,S15_T001,28,0,0,A,A,0.39285714285714285
S15,S15_T004,28,1,1,B,B,0.8928571428571429
S15,S15_T007,29,0,0,A,A,0.20689655172413793
