subject_id,trial_id,n_windows,y_true,y_pred,ref_outcome,pred_outcome,mean_p_class1
S16,S16_T000,28,0,0,A,A,0.07142857142857142
S16,S16_T003,29,1,1,B,B,0.6896551724137931
S16,S16_T016,6,0,1,A,B,0.8333333333333334
S16,S16_T017,6,1,1,B,B,1.0
