subject_id,trial_id,n_windows,y_true,y_pred,ref_outcome,pred_outcome,mean_p_class1
S16,S16_T004,28,0,0,A,A,0.2857142857142857
S16,S16_T009,6,1,0,B,A,0.3333333333333333
S16,S16_T014,6,0,1,A,B,0.8333333333333334
S16,S16_T019,6,1,1,B,B,1.0
