subject_id,trial_id,n_windows,y_true,y_pred,ref_outcome,pred_outcome,mean_p_class1
S1,S1_T000,28,1,1,B,B,0.7142857142857143
S1,S1_T003,29,0,1,A,B,0.6551724137931034
S1,S1_T012,6,1,0,B,A,0.3333333333333333
S1,S1_T015,6,0,1,A,B,0.8333333333333334
