subject_id,trial_id,n_windows,y_true,y_pred,ref_outcome,pred_outcome,mean_p_class1
S6,S6_T001,28,1,1,B,B,0.5714285714285714
S6,S6_T005,28,1,1,B,B,0.8571428571428571
S6,S6_T014,6,0,0,A,A,0.16666666666666666
S6,S6_T018,6,0,0,A,A,0.16666666666666666
