subject_id,trial_id,n_windows,y_true,y_pred,ref_outcome,pred_outcome,mean_p_class1
S6,S6_T002,28,0,0,A,A,0.07142857142857142
S6,S6_T004,28,0,0,A,A,0.35714285714285715
S6,S6_T007,29,1,1,B,B,0.5517241379310345
S6,S6_T011,6,1,1,B,B,0.6666666666666666
