subject_id,trial_id,n_windows,y_true,y_pred,ref_outcome,pred_outcome,mean_p_class1
S7,S7_T003,29,0,0,A,A,0.13793103448275862
S7,S7_T008,6,1,1,B,B,0.6666666666666666
S7,S7_T015,6,0,0,A,A,0.3333333333333333
S7,S7_T018,6,1,0,B,A,0.3333333333333333
