subject_id,trial_id,n_windows,y_true,y_pred,ref_outcome,pred_outcome,mean_p_class1
S9,S9_T003,29,0,0,A,A,0.4827586206896552
S9,S9_T004,28,1,1,B,B,0.6428571428571429
S9,S9_T005,28,0,0,A,A,0.17857142857142858
S9,S9_T010,6,1,1,B,B,0.6666666666666666
