subject_id,trial_id,n_windows,y_true,y_pred,ref_outcome,pred_outcome,mean_p_class1
S10,S10_T003,45,1,1,B,B,0.7777777777777778
S10,S10_T009,11,1,1,B,B,0.6363636363636364
S10,S10_T010,11,0,1,A,B,0.6363636363636364
S10,S10_T014,11,0,1,A,B,0.6363636363636364
