subject_id,trial_id,n_windows,y_true,y_pred,ref_outcome,pred_outcome,mean_p_class1
S10,S10_T000,44,0,0,A,A,0.22727272727272727
S10,S10_T012,11,0,0,A,A,0.2727272727272727
S10,S10_T013,11,1,1,B,B,0.9090909090909091
S10,S10_T017,11,1,1,B,B,0.6363636363636364
