subject_id,trial_id,n_windows,y_true,y_pred,ref_outcome,pred_outcome,mean_p_class1
S11,S11_T000,44,1,0,B,A,0.45454545454545453
S11,S11_T006,44,1,1,B,B,0.6136363636363636
S11,S11_T007,45,0,0,A,A,0.26666666666666666
S11,S11_T019,11,0,0,A,A,0.09090909090909091
