subject_id,trial_id,n_windows,y_true,y_pred,ref_outcome,pred_outcome,mean_p_class1
S11,S11_T001,44,0,0,A,A,0.22727272727272727
S11,S11_T005,44,0,0,A,A,0.3409090909090909
S11,S11_T010,11,1,0,B,A,0.45454545454545453
S11,S11_T014,11,1,1,B,B,0.9090909090909091
