subject_id,trial_id,n_windows,y_true,y_pred,ref_outcome,pred_outcome,mean_p_class1
S11,S11_T004,44,1,0,B,A,0.45454545454545453
S11,S11_T009,11,0,0,A,A,0.18181818181818182
S11,S11_T012,11,1,1,B,B,0.8181818181818182
S11,S11_T017,11,0,0,A,A,0.18181818181818182
