subject_id,trial_id,n_windows,y_true,y_pred,ref_outcome,pred_outcome,mean_p_class1
S12,S12_T004,44,0,1,A,B,0.5681818181818182
S12,S12_T008,11,0,0,A,A,0.45454545454545453
S12,S12_T011,11,1,1,B,B,0.7272727272727273
S12,S12_T017,11,1,1,B,B,0.7272727272727273
