subject_id,trial_id,n_windows,y_true,y_pred,ref_outcome,pred_outcome,mean_p_class1
S12,S12_T003,45,1,1,B,B,0.8222222222222222
S12,S12_T006,44,0,1,A,B,0.7272727272727273
S12,S12_T015,11,1,1,B,B,0.8181818181818182
S12,S12_T018,11,0,0,A,A,0.36363636363636365
