subject_id,trial_id,n_windows,y_true,y_pred,ref_outcome,pred_outcome,mean_p_class1
S12,S12_T007,45,1,1,B,B,0.6666666666666666
S12,S12_T012,11,0,1,A,B,0.5454545454545454
S12,S12_T013,11,1,1,B,B,0.7272727272727273
S12,S12_T014,11,0,0,A,A,0.0
