subject_id,trial_id,n_windows,y_true,y_pred,ref_outcome,pred_outcome,mean_p_class1
S13,S13_T002,44,1,1,B,B,0.6590909090909091
S13,S13_T003,45,0,1,A,B,0.5111111111111111
S13,S13_T011,11,0,1,A,B,0.6363636363636364
S13,S13_T018,11,1,1,B,B,0.7272727272727273
