subject_id,trial_id,n_windows,y_true,y_pred,ref_outcome,pred_outcome,mean_p_class1
S13,S13_T000,44,1,1,B,B,0.9545454545454546
S13,S13_T012,11,1,0,B,A,0.18181818181818182
S13,S13_T017,11,0,0,A,A,0.18181818181818182
S13,S13_T019,11,0,1,A,B,0.5454545454545454
