subject_id,trial_id,n_windows,y_true,y_pred,ref_outcome,pred_outcome,mean_p_class1
S13,S13_T009,11,0,1,A,B,0.6363636363636364
S13,S13_T010,11,1,1,B,B,1.0
S13,S13_T013,11,0,0,A,A,0.09090909090909091
S13,S13_T014,11,1,1,B,B,0.5454545454545454
