subject_id,trial_id,n_windows,y_true,y_pred,ref_outcome,pred_outcome,mean_p_class1
S13,S13_T001,44,0,0,A,A,0.18181818181818182
S13,S13_T008,11,1,1,B,B,0.7272727272727273
S13,S13_T015,11,0,1,A,B,0.8181818181818182
S13,S13_T016,11,1,1,B,B,0.7272727272727273
