subject_id,trial_id,n_windows,y_true,y_pred,ref_outcome,pred_outcome,mean_p_class1
S13,S13_T004,44,1,1,B,B,0.6818181818181818
S13,S13_T005,44,0,1,A,B,0.5227272727272727
S13,S13_T006,44,1,1,B,B,0.5909090909090909
S13,S13_T007,45,0,0,A,A,0.35555555555555557
