subject_id,trial_id,n_windows,y_true,y_pred,ref_outcome,pred_outcome,mean_p_class1
S14,S14_T003,45,1,1,B,B,0.7555555555555555
S14,S14_T004,44,0,0,A,A,0.25
S14,S14_T010,11,0,1,A,B,0.7272727272727273
S14,S14_T017,11,1,1,B,B,0.8181818181818182
