subject_id,trial_id,n_windows,y_true,y_pred,ref_outcome,pred_outcome,mean_p_class1
S14,S14_T001,44,1,1,B,B,0.8181818181818182
S14,S14_T005,44,1,1,B,B,0.9090909090909091
S14,S14_T012,11,0,0,A,A,0.09090909090909091
S14,S14_T014,11,0,0,A,A,0.45454545454545453
