subject_id,trial_id,n_windows,y_true,y_pred,ref_outcome,pred_outcome,mean_p_class1
S14,S14_T008,11,0,0,A,A,0.45454545454545453
S14,S14_T011,11,1,1,B,B,1.0
S14,S14_T016,11,0,0,A,A,0.2727272727272727
S14,S14_T019,11,1,1,B,B,0.8181818181818182
