subject_id,trial_id,n_windows,y_true,y_pred,ref_outcome,pred_outcome,mean_p_class1
S15,S15_T003,45,0,0,A,A,0.24444444444444444
S15,S15_T005,44,0,0,A,A,0.20454545454545456
S15,S15_T012,11,1,0,B,A,0.18181818181818182
S15,S15_T016,11,1,1,B,B,0.9090909090909091
