subject_id,trial_id,n_windows,y_true,y_pred,ref_outcome,pred_outcome,mean_p_class1
S15,S15_T000,44,1,1,B,B,0.8181818181818182
S15,S15_T001,44,0,0,A,A,0.36363636363636365
S15,S15_T004,44,1,1,B,B,0.9318181818181818
S15,S15_T007,45,0,0,A,A,0.26666666666666666
