subject_id,trial_id,n_windows,y_true,y_pred,ref_outcome,pred_outcome,mean_p_class1
S15,S15_T008,11,1,1,B,B,0.9090909090909091
S15,S15_T010,11,1,1,B,B,0.5454545454545454
S15,S15_T015,11,0,0,A,A,0.09090909090909091
S15,S15_T019,11,0,0,A,A,0.45454545454545453
