subject_id,trial_id,n_windows,y_true,y_pred,ref_outcome,pred_outcome,mean_p_class1
S16,S16_T001,44,1,1,B,B,0.7954545454545454
S16,S16_T002,44,0,0,A,A,0.022727272727272728
S16,S16_T011,11,1,1,B,B,0.9090909090909091
S16,S16_T012,11,0,0,A,A,0.0
