subject_id,trial_id,n_windows,y_true,y_pred,ref_outcome,pred_outcome,mean_p_class1
S16,S16_T004,44,0,0,A,A,0.36363636363636365
S16,S16_T009,11,1,1,B,B,0.5454545454545454
S16,S16_T014,11,0,1,A,B,0.8181818181818182
S16,S16_T019,11,1,1,B,B,0.9090909090909091
