subject_id,trial_id,n_windows,y_true,y_pred,ref_outcome,pred_outcome,mean_p_class1
S16,S16_T000,44,0,0,A,A,0.22727272727272727
S16,S16_T003,45,1,1,B,B,0.6666666666666666
S16,S16_T016,11,0,1,A,B,0.5454545454545454
S16,S16_T017,11,1,1,B,B,1.0
