subject_id,trial_id,n_windows,y_true,y_pred,ref_outcome,pred_outcome,mean_p_class1
S16,S16_T005,44,1,1,B,B,0.7954545454545454
S16,S16_T010,11,0,0,A,A,0.45454545454545453
S16,S16_T015,11,1,1,B,B,0.8181818181818182
S16,S16_T018,11,0,0,A,A,0.36363636363636365
