subject_id,trial_id,n_windows,y_true,y_pred,ref_outcome,pred_outcome,mean_p_class1
S16,S16_T006,44,0,0,A,A,0.0
S16,S16_T007,45,1,1,B,B,0.7555555555555555
S16,S16_T008,11,0,0,A,A,0.2727272727272727
S16,S16_T013,11,1,1,B,B,0.8181818181818182
