subject_id,trial_id,n_windows,y_true,y_pred,ref_outcome,pred_outcome,mean_p_class1
S1,S1_T002,44,1,1,B,B,0.75
S1,S1_T007,45,0,0,A,A,0.35555555555555557
S1,S1_T010,11,1,1,B,B,0.8181818181818182
S1,S1_T017,11,0,1,A,B,0.7272727272727273
