subject_id,trial_id,n_windows,y_true,y_pred,ref_outcome,pred_outcome,mean_p_class1
S1,S1_T009,11,0,0,A,A,0.36363636363636365
S1,S1_T013,11,0,1,A,B,0.5454545454545454
S1,S1_T014,11,1,1,B,B,0.9090909090909091
S1,S1_T016,11,1,0,B,A,0.2727272727272727
