subject_id,trial_id,n_windows,y_true,y_pred,ref_outcome,pred_outcome,mean_p_class1
S1,S1_T005,44,0,0,A,A,0.4090909090909091
S1,S1_T008,11,1,1,B,B,0.6363636363636364
S1,S1_T011,11,0,0,A,A,0.45454545454545453
S1,S1_T018,11,1,1,B,B,0.8181818181818182
