subject_id,trial_id,n_windows,y_true,y_pred,ref_outcome,pred_outcome,mean_p_class1
S1,S1_T000,44,1,1,B,B,0.5227272727272727
S1,S1_T003,45,0,1,A,B,0.5777777777777777
S1,S1_T012,11,1,0,B,A,0.45454545454545453
S1,S1_T015,11,0,0,A,A,0.45454545454545453
