subject_id,trial_id,n_windows,y_true,y_pred,ref_outcome,pred_outcome,mean_p_class1
S2,S2_T001,44,1,1,B,B,0.7272727272727273
S2,S2_T006,44,0,0,A,A,0.1590909090909091
S2,S2_T015,11,1,1,B,B,0.5454545454545454
S2,S2_T018,11,0,0,A,A,0.18181818181818182
