subject_id,trial_id,n_windows,y_true,y_pred,ref_outcome,pred_outcome,mean_p_class1
S2,S2_T007,45,1,1,B,B,0.8222222222222222
S2,S2_T008,11,0,0,A,A,0.2727272727272727
S2,S2_T009,11,1,1,B,B,0.9090909090909091
S2,S2_T012,11,0,1,A,B,0.8181818181818182
