subject_id,trial_id,n_windows,y_true,y_pred,ref_outcome,pred_outcome,mean_p_class1
S2,S2_T000,44,0,0,A,A,0.4318181818181818
S2,S2_T011,11,1,1,B,B,0.8181818181818182
S2,S2_T016,11,0,1,A,B,0.9090909090909091
S2,S2_T019,11,1,1,B,B,0.5454545454545454
