subject_id,trial_id,n_windows,y_true,y_pred,ref_outcome,pred_outcome,mean_p_class1
S3,S3_T000,44,1,1,B,B,0.9772727272727273
S3,S3_T002,44,1,0,B,A,0.4318181818181818
S3,S3_T007,45,0,0,A,A,0.17777777777777778
S3,S3_T019,11,0,0,A,A,0.2727272727272727
