subject_id,trial_id,n_windows,y_true,y_pred,ref_outcome,pred_outcome,mean_p_class1
S3,S3_T001,44,0,0,A,A,0.36363636363636365
S3,S3_T010,11,1,0,B,A,0.36363636363636365
S3,S3_T016,11,1,1,B,B,0.9090909090909091
S3,S3_T017,11,0,1,A,B,0.5454545454545454
