subject_id,trial_id,n_windows,y_true,y_pred,ref_outcome,pred_outcome,mean_p_class1
S4,S4_T004,44,0,0,A,A,0.38636363636363635
S4,S4_T007,45,1,1,B,B,0.7555555555555555
S4,S4_T010,11,0,0,A,A,0.36363636363636365
S4,S4_T015,11,1,0,B,A,0.09090909090909091
