subject_id,trial_id,n_windows,y_true,y_pred,ref_outcome,pred_outcome,mean_p_class1
S4,S4_T005,44,1,1,B,B,0.6136363636363636
S4,S4_T008,11,0,0,A,A,0.18181818181818182
S4,S4_T012,11,0,0,A,A,0.09090909090909091
S4,S4_T019,11,1,0,B,A,0.36363636363636365
