subject_id,trial_id,n_windows,y_true,y_pred,ref_outcome,pred_outcome,mean_p_class1
S4,S4_T002,44,0,0,A,A,0.38636363636363635
S4,S4_T006,44,0,0,A,A,0.1590909090909091
S4,S4_T009,11,1,0,B,A,0.36363636363636365
S4,S4_T011,11,1,1,B,B,0.5454545454545454
