subject_id,trial_id,n_windows,y_true,y_pred,ref_outcome,pred_outcome,mean_p_class1
S5,S5_T005,44,0,0,A,A,0.38636363636363635
S5,S5_T008,11,1,1,B,B,1.0
S5,S5_T015,11,0,0,A,A,0.45454545454545453
S5,S5_T016,11,1,1,B,B,0.8181818181818182
