subject_id,trial_id,n_windows,y_true,y_pred,ref_outcome,pred_outcome,mean_p_class1
S6,S6_T002,44,0,0,A,A,0.20454545454545456
S6,S6_T004,44,0,0,A,A,0.45454545454545453
S6,S6_T007,45,1,1,B,B,0.5111111111111111
S6,S6_T011,11,1,1,B,B,0.7272727272727273
