subject_id,trial_id,n_windows,y_true,y_pred,ref_outcome,pred_outcome,mean_p_class1
S6,S6_T000,44,0,0,A,A,0.18181818181818182
S6,S6_T006,44,0,0,A,A,0.29545454545454547
S6,S6_T013,11,1,1,B,B,0.6363636363636364
S6,S6_T015,11,1,1,B,B,0.9090909090909091
