subject_id,trial_id,n_windows,y_true,y_pred,ref_outcome,pred_outcome,mean_p_class1
S7,S7_T003,45,0,0,A,A,0.17777777777777778
S7,S7_T008,11,1,1,B,B,0.5454545454545454
S7,S7_T015,11,0,0,A,A,0.36363636363636365
S7,S7_T018,11,1,0,B,A,0.2727272727272727
