subject_id,trial_id,n_windows,y_true,y_pred,ref_outcome,pred_outcome,mean_p_class1
S7,S7_T005,44,0,0,A,A,0.18181818181818182
S7,S7_T013,11,0,0,A,A,0.45454545454545453
S7,S7_T014,11,1,1,B,B,0.6363636363636364
S7,S7_T016,11,1,1,B,B,1.0
