subject_id,trial_id,n_windows,y_true,y_pred,ref_outcome,pred_outcome,mean_p_class1
S7,S7_T004,44,1,1,B,B,0.7045454545454546
S7,S7_T007,45,0,0,A,A,0.08888888888888889
S7,S7_T010,11,1,1,B,B,0.8181818181818182
S7,S7_T011,11,0,0,A,A,0.09090909090909091
