subject_id,trial_id,n_windows,y_true,y_pred,ref_outcome,pred_outcome,mean_p_class1
S8,S8_T002,44,0,0,A,A,0.4090909090909091
S8,S8_T007,45,1,1,B,B,0.8
S8,S8_T011,11,1,0,B,A,0.45454545454545453
S8,S8_T012,11,0,0,A,A,0.18181818181818182
