subject_id,trial_id,n_windows,y_true,y_pred,ref_outcome,pred_outcome,mean_p_class1
S8,S8_T000,44,0,1,A,B,0.5454545454545454
S8,S8_T001,44,1,1,B,B,0.5681818181818182
S8,S8_T006,44,0,0,A,A,0.4318181818181818
S8,S8_T013,11,1,1,B,B,0.7272727272727273
