subject_id,trial_id,n_windows,y_true,y_pred,ref_outcome,pred_outcome,mean_p_class1
S8,S8_T008,11,0,1,A,B,0.5454545454545454
S8,S8_T009,11,1,1,B,B,0.9090909090909091
S8,S8_T015,11,1,0,B,A,0.45454545454545453
S8,S8_T016,11,0,0,A,A,0.45454545454545453
