subject_id,trial_id,n_windows,y_true,y_pred,ref_outcome,pred_outcome,mean_p_class1
S9,S9_T008,11,1,1,B,B,0.5454545454545454
S9,S9_T016,11,1,1,B,B,0.7272727272727273
S9,S9_T017,11,0,1,A,B,0.6363636363636364
S9,S9_T019,11,0,1,A,B,0.6363636363636364
