subject_id,trial_id,n_windows,y_true,y_pred,ref_outcome,pred_outcome,mean_p_class1
S9,S9_T003,45,0,1,A,B,0.5555555555555556
S9,S9_T004,44,1,1,B,B,0.6590909090909091
S9,S9_T005,44,0,0,A,A,0.20454545454545456
S9,S9_T010,11,1,1,B,B,0.5454545454545454
