{
  "test_accuracy": 0.475,
  "test_loss": 0.7183426523208618,
  "best_val_loss": 0.7001908278465271
}