{
  "test_accuracy": 0.5619584055459272,
  "test_loss": 0.7101169402099358,
  "best_val_loss": 0.678334416611769
}