subject_id,trial_id,n_windows,y_true,y_pred,ref_outcome,pred_outcome,mean_p_class1
S10,S10_T004,385,0,0,A,A,0.42597402597402595
S10,S10_T011,120,1,1,B,B,0.6833333333333333
S10,S10_T016,120,0,1,A,B,0.5
S10,S10_T019,120,1,0,B,A,0.4666666666666667
