subject_id,trial_id,n_windows,y_true,y_pred,ref_outcome,pred_outcome,mean_p_class1
S10,S10_T002,385,0,0,A,A,0.4909090909090909
S10,S10_T005,387,1,1,B,B,0.5529715762273901
S10,S10_T006,385,0,0,A,A,0.38701298701298703
S10,S10_T007,395,1,1,B,B,0.6075949367088608
