subject_id,trial_id,n_windows,y_true,y_pred,ref_outcome,pred_outcome,mean_p_class1
S10,S10_T001,387,1,1,B,B,0.661498708010336
S10,S10_T008,120,0,0,A,A,0.43333333333333335
S10,S10_T015,120,1,1,B,B,0.5916666666666667
S10,S10_T018,120,0,0,A,A,0.35
