subject_id,trial_id,n_windows,y_true,y_pred,ref_outcome,pred_outcome,mean_p_class1
S11,S11_T001,387,0,0,A,A,0.36175710594315247
S11,S11_T005,387,0,0,A,A,0.42118863049095606
S11,S11_T010,120,1,1,B,B,0.5583333333333333
S11,S11_T014,120,1,1,B,B,0.5583333333333333
