subject_id,trial_id,n_windows,y_true,y_pred,ref_outcome,pred_outcome,mean_p_class1
S11,S11_T002,385,1,1,B,B,0.6181818181818182
S11,S11_T013,120,0,0,A,A,0.44166666666666665
S11,S11_T015,120,0,0,A,A,0.3333333333333333
S11,S11_T016,120,1,1,B,B,0.55
