subject_id,trial_id,n_windows,y_true,y_pred,ref_outcome,pred_outcome,mean_p_class1
S11,S11_T000,385,1,1,B,B,0.5324675324675324
S11,S11_T006,385,1,1,B,B,0.5688311688311688
S11,S11_T007,395,0,0,A,A,0.41012658227848103
S11,S11_T019,120,0,1,A,B,0.5416666666666666
