subject_id,trial_id,n_windows,y_true,y_pred,ref_outcome,pred_outcome,mean_p_class1
S12,S12_T004,385,0,1,A,B,0.5194805194805194
S12,S12_T008,120,0,1,A,B,0.525
S12,S12_T011,120,1,1,B,B,0.6333333333333333
S12,S12_T017,120,1,1,B,B,0.6166666666666667
