subject_id,trial_id,n_windows,y_true,y_pred,ref_outcome,pred_outcome,mean_p_class1
S12,S12_T001,387,1,0,B,A,0.4806201550387597
S12,S12_T002,385,0,1,A,B,0.5038961038961038
S12,S12_T009,120,1,1,B,B,0.5416666666666666
S12,S12_T010,120,0,1,A,B,0.525
