subject_id,trial_id,n_windows,y_true,y_pred,ref_outcome,pred_outcome,mean_p_class1
S12,S12_T000,385,0,0,A,A,0.44935064935064933
S12,S12_T005,387,1,1,B,B,0.5271317829457365
S12,S12_T016,120,0,0,A,A,0.49166666666666664
S12,S12_T019,120,1,1,B,B,0.5833333333333334
