subject_id,trial_id,n_windows,y_true,y_pred,ref_outcome,pred_outcome,mean_p_class1
S13,S13_T000,385,1,1,B,B,0.6805194805194805
S13,S13_T012,120,1,1,B,B,0.5833333333333334
S13,S13_T017,120,0,0,A,A,0.4083333333333333
S13,S13_T019,120,0,0,A,A,0.48333333333333334
