subject_id,trial_id,n_windows,y_true,y_pred,ref_outcome,pred_outcome,mean_p_class1
S13,S13_T009,120,0,1,A,B,0.5416666666666666
S13,S13_T010,120,1,1,B,B,0.5583333333333333
S13,S13_T013,120,0,0,A,A,0.375
S13,S13_T014,120,1,0,B,A,0.49166666666666664
