subject_id,trial_id,n_windows,y_true,y_pred,ref_outcome,pred_outcome,mean_p_class1
S13,S13_T004,385,1,1,B,B,0.5818181818181818
S13,S13_T005,387,0,0,A,A,0.4134366925064599
S13,S13_T006,385,1,1,B,B,0.5116883116883116
S13,S13_T007,395,0,0,A,A,0.4759493670886076
