subject_id,trial_id,n_windows,y_true,y_pred,ref_outcome,pred_outcome,mean_p_class1
S13,S13_T001,387,0,0,A,A,0.43669250645994834
S13,S13_T008,120,1,1,B,B,0.55
S13,S13_T015,120,0,0,A,A,0.4583333333333333
S13,S13_T016,120,1,1,B,B,0.6083333333333333
