subject_id,trial_id,n_windows,y_true,y_pred,ref_outcome,pred_outcome,mean_p_class1
S13,S13_T002,385,1,1,B,B,0.6311688311688312
S13,S13_T003,395,0,0,A,A,0.43291139240506327
S13,S13_T011,120,0,0,A,A,0.39166666666666666
S13,S13_T018,120,1,0,B,A,0.4166666666666667
