subject_id,trial_id,n_windows,y_true,y_pred,ref_outcome,pred_outcome,mean_p_class1
S14,S14_T001,387,1,1,B,B,0.6537467700258398
S14,S14_T005,387,1,1,B,B,0.7416020671834626
S14,S14_T012,120,0,0,A,A,0.25833333333333336
S14,S14_T014,120,0,0,A,A,0.475
