subject_id,trial_id,n_windows,y_true,y_pred,ref_outcome,pred_outcome,mean_p_class1
S15,S15_T000,385,1,1,B,B,0.6597402597402597
S15,S15_T001,387,0,0,A,A,0.4754521963824289
S15,S15_T004,385,1,1,B,B,0.6103896103896104
S15,S15_T007,395,0,0,A,A,0.4050632911392405
