subject_id,trial_id,n_windows,y_true,y_pred,ref_outcome,pred_outcome,mean_p_class1
S15,S15_T008,120,1,1,B,B,0.6166666666666667
S15,S15_T010,120,1,1,B,B,0.5916666666666667
S15,S15_T015,120,0,0,A,A,0.2916666666666667
S15,S15_T019,120,0,0,A,A,0.44166666666666665
