subject_id,trial_id,n_windows,y_true,y_pred,ref_outcome,pred_outcome,mean_p_class1
S15,S15_T011,120,0,0,A,A,0.39166666666666666
S15,S15_T014,120,1,1,B,B,0.675
S15,S15_T017,120,0,0,A,A,0.4166666666666667
S15,S15_T018,120,1,0,B,A,0.4583333333333333
