subject_id,trial_id,n_windows,y_true,y_pred,ref_outcome,pred_outcome,mean_p_class1
S16,S16_T006,385,0,0,A,A,0.34545454545454546
S16,S16_T007,395,1,1,B,B,0.5443037974683544
S16,S16_T008,120,0,0,A,A,0.4583333333333333
S16,S16_T013,120,1,1,B,B,0.5416666666666666
