subject_id,trial_id,n_windows,y_true,y_pred,ref_outcome,pred_outcome,mean_p_class1
S16,S16_T001,387,1,1,B,B,0.627906976744186
S16,S16_T002,385,0,0,A,A,0.42597402597402595
S16,S16_T011,120,1,1,B,B,0.6333333333333333
S16,S16_T012,120,0,0,A,A,0.2916666666666667
