subject_id,trial_id,n_windows,y_true,y_pred,ref_outcome,pred_outcome,mean_p_class1
S16,S16_T005,387,1,1,B,B,0.6227390180878553
S16,S16_T010,120,0,1,A,B,0.6833333333333333
S16,S16_T015,120,1,1,B,B,0.6333333333333333
S16,S16_T018,120,0,1,A,B,0.6083333333333333
