subject_id,trial_id,n_windows,y_true,y_pred,ref_outcome,pred_outcome,mean_p_class1
S1,S1_T001,387,0,0,A,A,0.4392764857881137
S1,S1_T004,385,1,0,B,A,0.42857142857142855
S1,S1_T006,385,1,1,B,B,0.5272727272727272
S1,S1_T019,120,0,1,A,B,0.5083333333333333
