subject_id,trial_id,n_windows,y_true,y_pred,ref_outcome,pred_outcome,mean_p_class1
S2,S2_T001,387,1,1,B,B,0.6770025839793282
S2,S2_T006,385,0,0,A,A,0.32987012987012987
S2,S2_T015,120,1,1,B,B,0.5166666666666667
S2,S2_T018,120,0,0,A,A,0.38333333333333336
