subject_id,trial_id,n_windows,y_true,y_pred,ref_outcome,pred_outcome,mean_p_class1
S2,S2_T002,385,0,0,A,A,0.43116883116883115
S2,S2_T010,120,0,1,A,B,0.5583333333333333
S2,S2_T013,120,1,1,B,B,0.625
S2,S2_T017,120,1,1,B,B,0.5416666666666666
