subject_id,trial_id,n_windows,y_true,y_pred,ref_outcome,pred_outcome,mean_p_class1
S3,S3_T011,120,0,0,A,A,0.475
S3,S3_T013,120,0,0,A,A,0.3333333333333333
S3,S3_T014,120,1,0,B,A,0.4083333333333333
S3,S3_T018,120,1,0,B,A,0.4666666666666667
