subject_id,trial_id,n_windows,y_true,y_pred,ref_outcome,pred_outcome,mean_p_class1
S3,S3_T001,387,0,0,A,A,0.3333333333333333
S3,S3_T010,120,1,0,B,A,0.4166666666666667
S3,S3_T016,120,1,1,B,B,0.6833333333333333
S3,S3_T017,120,0,0,A,A,0.49166666666666664
