subject_id,trial_id,n_windows,y_true,y_pred,ref_outcome,pred_outcome,mean_p_class1
S3,S3_T004,385,1,1,B,B,0.6571428571428571
S3,S3_T005,387,0,0,A,A,0.39276485788113696
S3,S3_T008,120,1,1,B,B,0.6666666666666666
S3,S3_T015,120,0,1,A,B,0.5416666666666666
