subject_id,trial_id,n_windows,y_true,y_pred,ref_outcome,pred_outcome,mean_p_class1
S4,S4_T000,385,0,0,A,A,0.38701298701298703
S4,S4_T001,387,1,1,B,B,0.5917312661498708
S4,S4_T013,120,1,1,B,B,0.525
S4,S4_T016,120,0,0,A,A,0.49166666666666664
