subject_id,trial_id,n_windows,y_true,y_pred,ref_outcome,pred_outcome,mean_p_class1
S5,S5_T000,385,1,1,B,B,0.7506493506493507
S5,S5_T001,387,0,0,A,A,0.35142118863049093
S5,S5_T010,120,1,1,B,B,0.8166666666666667
S5,S5_T019,120,0,0,A,A,0.44166666666666665
