subject_id,trial_id,n_windows,y_true,y_pred,ref_outcome,pred_outcome,mean_p_class1
S6,S6_T000,385,0,0,A,A,0.35324675324675325
S6,S6_T006,385,0,0,A,A,0.45194805194805193
S6,S6_T013,120,1,1,B,B,0.5833333333333334
S6,S6_T015,120,1,1,B,B,0.575
