subject_id,trial_id,n_windows,y_true,y_pred,ref_outcome,pred_outcome,mean_p_class1
S6,S6_T002,385,0,0,A,A,0.37402597402597404
S6,S6_T004,385,0,0,A,A,0.43376623376623374
S6,S6_T007,395,1,1,B,B,0.5569620253164557
S6,S6_T011,120,1,1,B,B,0.5166666666666667
