subject_id,trial_id,n_windows,y_true,y_pred,ref_outcome,pred_outcome,mean_p_class1
S6,S6_T003,395,1,1,B,B,0.6075949367088608
S6,S6_T008,120,0,0,A,A,0.3
S6,S6_T009,120,1,0,B,A,0.39166666666666666
S6,S6_T012,120,0,0,A,A,0.35833333333333334
