subject_id,trial_id,n_windows,y_true,y_pred,ref_outcome,pred_outcome,mean_p_class1
S6,S6_T010,120,0,1,A,B,0.6
S6,S6_T016,120,0,0,A,A,0.35833333333333334
S6,S6_T017,120,1,0,B,A,0.49166666666666664
S6,S6_T019,120,1,0,B,A,0.4666666666666667
