subject_id,trial_id,n_windows,y_true,y_pred,ref_outcome,pred_outcome,mean_p_class1
S7,S7_T005,387,0,0,A,A,0.4418604651162791
S7,S7_T013,120,0,0,A,A,0.38333333333333336
S7,S7_T014,120,1,1,B,B,0.5333333333333333
S7,S7_T016,120,1,1,B,B,0.6916666666666667
