subject_id,trial_id,n_windows,y_true,y_pred,ref_outcome,pred_outcome,mean_p_class1
S8,S8_T008,120,0,1,A,B,0.5333333333333333
S8,S8_T009,120,1,1,B,B,0.5416666666666666
S8,S8_T015,120,1,0,B,A,0.48333333333333334
S8,S8_T016,120,0,0,A,A,0.39166666666666666
