subject_id,trial_id,n_windows,y_true,y_pred,ref_outcome,pred_outcome,mean_p_class1
S8,S8_T004,385,0,1,A,B,0.5558441558441558
S8,S8_T005,387,1,1,B,B,0.6356589147286822
S8,S8_T014,120,0,1,A,B,0.6
S8,S8_T017,120,1,1,B,B,0.6166666666666667
