subject_id,trial_id,n_windows,y_true,y_pred,ref_outcome,pred_outcome,mean_p_class1
S9,S9_T011,120,0,1,A,B,0.5416666666666666
S9,S9_T012,120,1,1,B,B,0.5166666666666667
S9,S9_T015,120,0,0,A,A,0.4166666666666667
S9,S9_T018,120,1,0,B,A,0.4166666666666667
