subject_id,trial_id,n_windows,y_true,y_pred,ref_outcome,pred_outcome,mean_p_class1
S9,S9_T008,120,1,1,B,B,0.625
S9,S9_T016,120,1,1,B,B,0.6166666666666667
S9,S9_T017,120,0,0,A,A,0.44166666666666665
S9,S9_T019,120,0,0,A,A,0.43333333333333335
