{
  "test_accuracy": 0.5532928942807626,
  "test_loss": 0.7570297461861755,
  "best_val_loss": 0.6815789042353837
}