subject_id,trial_id,n_windows,y_true,y_pred,ref_outcome,pred_outcome,mean_p_class1
S10,S10_T000,190,0,0,A,A,0.3157894736842105
S10,S10_T012,58,0,0,A,A,0.41379310344827586
S10,S10_T013,58,1,1,B,B,0.5689655172413793
S10,S10_T017,58,1,0,B,A,0.29310344827586204
