subject_id,trial_id,n_windows,y_true,y_pred,ref_outcome,pred_outcome,mean_p_class1
S10,S10_T001,191,1,1,B,B,0.7539267015706806
S10,S10_T008,58,0,0,A,A,0.3103448275862069
S10,S10_T015,58,1,1,B,B,0.5517241379310345
S10,S10_T018,58,0,0,A,A,0.1896551724137931
