subject_id,trial_id,n_windows,y_true,y_pred,ref_outcome,pred_outcome,mean_p_class1
S10,S10_T004,190,0,0,A,A,0.3736842105263158
S10,S10_T011,58,1,1,B,B,0.7068965517241379
S10,S10_T016,58,0,0,A,A,0.4482758620689655
S10,S10_T019,58,1,1,B,B,0.5517241379310345
