subject_id,trial_id,n_windows,y_true,y_pred,ref_outcome,pred_outcome,mean_p_class1
S10,S10_T002,190,0,0,A,A,0.42105263157894735
S10,S10_T005,191,1,1,B,B,0.7225130890052356
S10,S10_T006,190,0,0,A,A,0.33157894736842103
S10,S10_T007,195,1,1,B,B,0.6512820512820513
