subject_id,trial_id,n_windows,y_true,y_pred,ref_outcome,pred_outcome,mean_p_class1
S11,S11_T000,190,1,0,B,A,0.43157894736842106
S11,S11_T006,190,1,0,B,A,0.48947368421052634
S11,S11_T007,195,0,0,A,A,0.4256410256410256
S11,S11_T019,58,0,0,A,A,0.3793103448275862
