subject_id,trial_id,n_windows,y_true,y_pred,ref_outcome,pred_outcome,mean_p_class1
S11,S11_T001,191,0,1,A,B,0.5026178010471204
S11,S11_T005,191,0,0,A,A,0.47643979057591623
S11,S11_T010,58,1,1,B,B,0.7068965517241379
S11,S11_T014,58,1,1,B,B,0.7413793103448276
