subject_id,trial_id,n_windows,y_true,y_pred,ref_outcome,pred_outcome,mean_p_class1
S11,S11_T003,195,0,1,A,B,0.5025641025641026
S11,S11_T008,58,1,0,B,A,0.4827586206896552
S11,S11_T011,58,0,0,A,A,0.41379310344827586
S11,S11_T018,58,1,0,B,A,0.39655172413793105
