subject_id,trial_id,n_windows,y_true,y_pred,ref_outcome,pred_outcome,mean_p_class1
S11,S11_T004,190,1,1,B,B,0.5947368421052631
S11,S11_T009,58,0,1,A,B,0.5172413793103449
S11,S11_T012,58,1,1,B,B,0.6379310344827587
S11,S11_T017,58,0,0,A,A,0.3103448275862069
