subject_id,trial_id,n_windows,y_true,y_pred,ref_outcome,pred_outcome,mean_p_class1
S11,S11_T002,190,1,1,B,B,0.6684210526315789
S11,S11_T013,58,0,0,A,A,0.4827586206896552
S11,S11_T015,58,0,0,A,A,0.3620689655172414
S11,S11_T016,58,1,1,B,B,0.6724137931034483
