subject_id,trial_id,n_windows,y_true,y_pred,ref_outcome,pred_outcome,mean_p_class1
S12,S12_T001,191,1,0,B,A,0.45549738219895286
S12,S12_T002,190,0,1,A,B,0.5
S12,S12_T009,58,1,0,B,A,0.41379310344827586
S12,S12_T010,58,0,0,A,A,0.3448275862068966
