subject_id,trial_id,n_windows,y_true,y_pred,ref_outcome,pred_outcome,mean_p_class1
S12,S12_T003,195,1,1,B,B,0.7384615384615385
S12,S12_T006,190,0,1,A,B,0.5368421052631579
S12,S12_T015,58,1,1,B,B,0.6379310344827587
S12,S12_T018,58,0,0,A,A,0.43103448275862066
