subject_id,trial_id,n_windows,y_true,y_pred,ref_outcome,pred_outcome,mean_p_class1
S12,S12_T000,190,0,0,A,A,0.3526315789473684
S12,S12_T005,191,1,1,B,B,0.643979057591623
S12,S12_T016,58,0,0,A,A,0.4482758620689655
S12,S12_T019,58,1,1,B,B,0.6551724137931034
