subject_id,trial_id,n_windows,y_true,y_pred,ref_outcome,pred_outcome,mean_p_class1
S12,S12_T004,190,0,0,A,A,0.46842105263157896
S12,S12_T008,58,0,1,A,B,0.5172413793103449
S12,S12_T011,58,1,1,B,B,0.7241379310344828
S12,S12_T017,58,1,1,B,B,0.5689655172413793
