subject_id,trial_id,n_windows,y_true,y_pred,ref_outcome,pred_outcome,mean_p_class1
S13,S13_T004,190,1,1,B,B,0.5368421052631579
S13,S13_T005,191,0,0,A,A,0.38219895287958117
S13,S13_T006,190,1,1,B,B,0.5368421052631579
S13,S13_T007,195,0,0,A,A,0.3487179487179487
