subject_id,trial_id,n_windows,y_true,y_pred,ref_outcome,pred_outcome,mean_p_class1
S13,S13_T002,190,1,1,B,B,0.6578947368421053
S13,S13_T003,195,0,0,A,A,0.4358974358974359
S13,S13_T011,58,0,0,A,A,0.22413793103448276
S13,S13_T018,58,1,1,B,B,0.6379310344827587
