subject_id,trial_id,n_windows,y_true,y_pred,ref_outcome,pred_outcome,mean_p_class1
S13,S13_T000,190,1,1,B,B,0.6842105263157895
S13,S13_T012,58,1,1,B,B,0.7241379310344828
S13,S13_T017,58,0,0,A,A,0.41379310344827586
S13,S13_T019,58,0,0,A,A,0.46551724137931033
