subject_id,trial_id,n_windows,y_true,y_pred,ref_outcome,pred_outcome,mean_p_class1
S13,S13_T009,58,0,1,A,B,0.603448275862069
S13,S13_T010,58,1,1,B,B,0.7068965517241379
S13,S13_T013,58,0,0,A,A,0.3275862068965517
S13,S13_T014,58,1,1,B,B,0.5172413793103449
