subject_id,trial_id,n_windows,y_true,y_pred,ref_outcome,pred_outcome,mean_p_class1
S14,S14_T001,191,1,1,B,B,0.7015706806282722
S14,S14_T005,191,1,1,B,B,0.8324607329842932
S14,S14_T012,58,0,0,A,A,0.3275862068965517
S14,S14_T014,58,0,0,A,A,0.39655172413793105
