subject_id,trial_id,n_windows,y_true,y_pred,ref_outcome,pred_outcome,mean_p_class1
S14,S14_T002,190,0,0,A,A,0.21578947368421053
S14,S14_T006,190,0,0,A,A,0.24736842105263157
S14,S14_T009,58,1,1,B,B,0.9310344827586207
S14,S14_T013,58,1,1,B,B,0.8448275862068966
