subject_id,trial_id,n_windows,y_true,y_pred,ref_outcome,pred_outcome,mean_p_class1
S14,S14_T008,58,0,0,A,A,0.3103448275862069
S14,S14_T011,58,1,1,B,B,0.8103448275862069
S14,S14_T016,58,0,0,A,A,0.25862068965517243
S14,S14_T019,58,1,1,B,B,0.5689655172413793
