subject_id,trial_id,n_windows,y_true,y_pred,ref_outcome,pred_outcome,mean_p_class1
S14,S14_T003,195,1,1,B,B,0.6358974358974359
S14,S14_T004,190,0,0,A,A,0.45789473684210524
S14,S14_T010,58,0,0,A,A,0.2413793103448276
S14,S14_T017,58,1,1,B,B,0.5
