subject_id,trial_id,n_windows,y_true,y_pred,ref_outcome,pred_outcome,mean_p_class1
S15,S15_T000,190,1,1,B,B,0.6684210526315789
S15,S15_T001,191,0,0,A,A,0.44502617801047123
S15,S15_T004,190,1,1,B,B,0.6842105263157895
S15,S15_T007,195,0,0,A,A,0.35384615384615387
