subject_id,trial_id,n_windows,y_true,y_pred,ref_outcome,pred_outcome,mean_p_class1
S15,S15_T011,58,0,0,A,A,0.39655172413793105
S15,S15_T014,58,1,1,B,B,0.603448275862069
S15,S15_T017,58,0,0,A,A,0.46551724137931033
S15,S15_T018,58,1,0,B,A,0.3448275862068966
