subject_id,trial_id,n_windows,y_true,y_pred,ref_outcome,pred_outcome,mean_p_class1
S16,S16_T006,190,0,0,A,A,0.2631578947368421
S16,S16_T007,195,1,1,B,B,0.6153846153846154
S16,S16_T008,58,0,0,A,A,0.20689655172413793
S16,S16_T013,58,1,1,B,B,0.603448275862069
