subject_id,trial_id,n_windows,y_true,y_pred,ref_outcome,pred_outcome,mean_p_class1
S16,S16_T000,190,0,0,A,A,0.4368421052631579
S16,S16_T003,195,1,1,B,B,0.6051282051282051
S16,S16_T016,58,0,1,A,B,0.5
S16,S16_T017,58,1,1,B,B,0.7241379310344828
