subject_id,trial_id,n_windows,y_true,y_pred,ref_outcome,pred_outcome,mean_p_class1
S16,S16_T001,191,1,1,B,B,0.5706806282722513
S16,S16_T002,190,0,0,A,A,0.3368421052631579
S16,S16_T011,58,1,1,B,B,0.7413793103448276
S16,S16_T012,58,0,0,A,A,0.10344827586206896
