subject_id,trial_id,n_windows,y_true,y_pred,ref_outcome,pred_outcome,mean_p_class1
S1,S1_T000,190,1,1,B,B,0.6789473684210526
S1,S1_T003,195,0,0,A,A,0.4666666666666667
S1,S1_T012,58,1,1,B,B,0.5172413793103449
S1,S1_T015,58,0,1,A,B,0.5172413793103449
