subject_id,trial_id,n_windows,y_true,y_pred,ref_outcome,pred_outcome,mean_p_class1
S1,S1_T002,190,1,0,B,A,0.38421052631578945
S1,S1_T007,195,0,0,A,A,0.4666666666666667
S1,S1_T010,58,1,1,B,B,0.5862068965517241
S1,S1_T017,58,0,1,A,B,0.5172413793103449
