subject_id,trial_id,n_windows,y_true,y_pred,ref_outcome,pred_outcome,mean_p_class1
S2,S2_T002,190,0,0,A,A,0.3105263157894737
S2,S2_T010,58,0,0,A,A,0.27586206896551724
S2,S2_T013,58,1,1,B,B,0.603448275862069
S2,S2_T017,58,1,1,B,B,0.7413793103448276
