subject_id,trial_id,n_windows,y_true,y_pred,ref_outcome,pred_outcome,mean_p_class1
S3,S3_T001,191,0,0,A,A,0.2879581151832461
S3,S3_T010,58,1,0,B,A,0.20689655172413793
S3,S3_T016,58,1,1,B,B,0.6379310344827587
S3,S3_T017,58,0,0,A,A,0.46551724137931033
