subject_id,trial_id,n_windows,y_true,y_pred,ref_outcome,pred_outcome,mean_p_class1
S3,S3_T004,190,1,1,B,B,0.6105263157894737
S3,S3_T005,191,0,0,A,A,0.4083769633507853
S3,S3_T008,58,1,1,B,B,0.6724137931034483
S3,S3_T015,58,0,1,A,B,0.6206896551724138
