subject_id,trial_id,n_windows,y_true,y_pred,ref_outcome,pred_outcome,mean_p_class1
S3,S3_T011,58,0,0,A,A,0.3448275862068966
S3,S3_T013,58,0,0,A,A,0.29310344827586204
S3,S3_T014,58,1,0,B,A,0.41379310344827586
S3,S3_T018,58,1,1,B,B,0.5172413793103449
