subject_id,trial_id,n_windows,y_true,y_pred,ref_outcome,pred_outcome,mean_p_class1
S3,S3_T000,190,1,1,B,B,0.7421052631578947
S3,S3_T002,190,1,1,B,B,0.6105263157894737
S3,S3_T007,195,0,0,A,A,0.2923076923076923
S3,S3_T019,58,0,0,A,A,0.27586206896551724
