subject_id,trial_id,n_windows,y_true,y_pred,ref_outcome,pred_outcome,mean_p_class1
S4,S4_T000,190,0,0,A,A,0.3263157894736842
S4,S4_T001,191,1,1,B,B,0.6701570680628273
S4,S4_T013,58,1,0,B,A,0.4827586206896552
S4,S4_T016,58,0,0,A,A,0.3620689655172414
