subject_id,trial_id,n_windows,y_true,y_pred,ref_outcome,pred_outcome,mean_p_class1
S4,S4_T002,190,0,0,A,A,0.4368421052631579
S4,S4_T006,190,0,0,A,A,0.26842105263157895
S4,S4_T009,58,1,0,B,A,0.46551724137931033
S4,S4_T011,58,1,1,B,B,0.6724137931034483
