subject_id,trial_id,n_windows,y_true,y_pred,ref_outcome,pred_outcome,mean_p_class1
S5,S5_T006,190,1,1,B,B,0.7263157894736842
S5,S5_T009,58,0,1,A,B,0.6206896551724138
S5,S5_T014,58,1,1,B,B,0.7931034482758621
S5,S5_T017,58,0,0,A,A,0.3620689655172414
