subject_id,trial_id,n_windows,y_true,y_pred,ref_outcome,pred_outcome,mean_p_class1
S5,S5_T002,190,1,1,B,B,0.6947368421052632
S5,S5_T003,195,0,0,A,A,0.2923076923076923
S5,S5_T004,190,1,1,B,B,0.7
S5,S5_T007,195,0,0,A,A,0.31794871794871793
