subject_id,trial_id,n_windows,y_true,y_pred,ref_outcome,pred_outcome,mean_p_class1
S5,S5_T011,58,0,0,A,A,0.3448275862068966
S5,S5_T012,58,1,1,B,B,0.5172413793103449
S5,S5_T013,58,0,0,A,A,0.27586206896551724
S5,S5_T018,58,1,1,B,B,0.5344827586206896
