subject_id,trial_id,n_windows,y_true,y_pred,ref_outcome,pred_outcome,mean_p_class1
S5,S5_T000,190,1,1,B,B,0.8263157894736842
S5,S5_T001,191,0,0,A,A,0.2617801047120419
S5,S5_T010,58,1,1,B,B,0.9137931034482759
S5,S5_T019,58,0,0,A,A,0.3275862068965517
