subject_id,trial_id,n_windows,y_true,y_pred,ref_outcome,pred_outcome,mean_p_class1
S6,S6_T000,190,0,0,A,A,0.42105263157894735
S6,S6_T006,190,0,0,A,A,0.46842105263157896
S6,S6_T013,58,1,1,B,B,0.5172413793103449
S6,S6_T015,58,1,1,B,B,0.7758620689655172
