subject_id,trial_id,n_windows,y_true,y_pred,ref_outcome,pred_outcome,mean_p_class1
S6,S6_T003,195,1,1,B,B,0.5794871794871795
S6,S6_T008,58,0,0,A,A,0.27586206896551724
S6,S6_T009,58,1,0,B,A,0.29310344827586204
S6,S6_T012,58,0,0,A,A,0.43103448275862066
