subject_id,trial_id,n_windows,y_true,y_pred,ref_outcome,pred_outcome,mean_p_class1
S7,S7_T006,190,1,1,B,B,0.6684210526315789
S7,S7_T009,58,0,0,A,A,0.3448275862068966
S7,S7_T012,58,1,1,B,B,0.7586206896551724
S7,S7_T017,58,0,0,A,A,0.13793103448275862
