subject_id,trial_id,n_windows,y_true,y_pred,ref_outcome,pred_outcome,mean_p_class1
S7,S7_T004,190,1,1,B,B,0.5684210526315789
S7,S7_T007,195,0,0,A,A,0.24615384615384617
S7,S7_T010,58,1,0,B,A,0.3448275862068966
S7,S7_T011,58,0,0,A,A,0.3103448275862069
