subject_id,trial_id,n_windows,y_true,y_pred,ref_outcome,pred_outcome,mean_p_class1
S7,S7_T003,195,0,0,A,A,0.4461538461538462
S7,S7_T008,58,1,1,B,B,0.6379310344827587
S7,S7_T015,58,0,0,A,A,0.39655172413793105
S7,S7_T018,58,1,1,B,B,0.5
