subject_id,trial_id,n_windows,y_true,y_pred,ref_outcome,pred_outcome,mean_p_class1
S8,S8_T008,58,0,1,A,B,0.5172413793103449
S8,S8_T009,58,1,1,B,B,0.6206896551724138
S8,S8_T015,58,1,1,B,B,0.6206896551724138
S8,S8_T016,58,0,0,A,A,0.4482758620689655
