subject_id,trial_id,n_windows,y_true,y_pred,ref_outcome,pred_outcome,mean_p_class1
S8,S8_T000,190,0,1,A,B,0.5105263157894737
S8,S8_T001,191,1,0,B,A,0.4869109947643979
S8,S8_T006,190,0,0,A,A,0.34210526315789475
S8,S8_T013,58,1,0,B,A,0.3448275862068966
