subject_id,trial_id,n_windows,y_true,y_pred,ref_outcome,pred_outcome,mean_p_class1
S8,S8_T002,190,0,1,A,B,0.5052631578947369
S8,S8_T007,195,1,0,B,A,0.4256410256410256
S8,S8_T011,58,1,0,B,A,0.4482758620689655
S8,S8_T012,58,0,0,A,A,0.4482758620689655
