subject_id,trial_id,n_windows,y_true,y_pred,ref_outcome,pred_outcome,mean_p_class1
S9,S9_T000,190,1,1,B,B,0.6947368421052632
S9,S9_T001,191,0,0,A,A,0.3507853403141361
S9,S9_T013,58,0,1,A,B,0.7068965517241379
S9,S9_T014,58,1,1,B,B,0.5862068965517241
