subject_id,trial_id,n_windows,y_true,y_pred,ref_outcome,pred_outcome,mean_p_class1
S9,S9_T003,195,0,1,A,B,0.5435897435897435
S9,S9_T004,190,1,1,B,B,0.5947368421052631
S9,S9_T005,191,0,0,A,A,0.4712041884816754
S9,S9_T010,58,1,1,B,B,0.6551724137931034
