{
  "params": {
    "extractor": 1575936,
    "block_denses": 33024,
    "output_context": 131264,
    "final_dense": 65
  },
  "total": 1740289,
  "shared_pct": 0.981023841442427,
  "grad_norms": {
    "extractor.blocks.0.conv_0.weight": 122.21356964111328,
    "extractor.blocks.0.conv_0.bias": 12.92341136932373,
    "extractor.blocks.0.ln_0.weight": 99.96969604492188,
    "extractor.blocks.0.ln_0.bias": 100.57156372070312,
    "extractor.blocks.1.conv_1.weight": 158.04290771484375,
    "extractor.blocks.1.conv_1.bias": 10.025766372680664,
    "extractor.blocks.1.ln_1.weight": 496.82574462890625,
    "extractor.blocks.1.ln_1.bias": 419.3211669921875,
    "extractor.blocks.2.conv_2.weight": 94.7282943725586,
    "extractor.blocks.2.conv_2.bias": 8.296151161193848,
    "extractor.blocks.2.ln_2.weight": 122.28678894042969,
    "extractor.blocks.2.ln_2.bias": 163.93382263183594,
    "extractor.blocks.3.conv_3.weight": 111.78388977050781,
    "extractor.blocks.3.conv_3.bias": 5.57896089553833,
    "extractor.blocks.3.ln_3.weight": 235.43873596191406,
    "extractor.blocks.3.ln_3.bias": 231.8965606689453,
    "extractor.blocks.4.conv_4.weight": 158.09349060058594,
    "extractor.blocks.4.conv_4.bias": 10.136719703674316,
    "extractor.blocks.4.ln_4.weight": 248.18539428710938,
    "extractor.blocks.4.ln_4.bias": 274.578125,
    "block_denses.0.weight": 0.23001767694950104,
    "block_denses.0.bias": 0.029030010104179382,
    "block_denses.1.weight": 2.999535322189331,
    "block_denses.1.bias": 0.38725948333740234,
    "block_denses.2.weight": 22.12481117248535,
    "block_denses.2.bias": 2.9584145545959473,
    "block_denses.3.weight": 281.1092224121094,
    "block_denses.3.bias": 36.4194450378418,
    "output_context.conv.weight": 210.4847869873047,
    "output_context.conv.bias": 0.5155191421508789,
    "output_context.ln.weight": 857.4349975585938,
    "output_context.ln.bias": 1037.0487060546875,
    "final_dense.weight": 1945.2806396484375,
    "final_dense.bias": 640.0
  }
}