{
  "test_accuracy": 0.45,
  "test_loss": 0.6992526698112488,
  "best_val_loss": 0.6896009159088134
}